Name,Image URL,Personality,Species,Birthday,Catchphrase,Hobbies
Ace,https://static.wikia.nocookie.net/animalcrossing/images/0/00/NH-Ace_poster_sq.png/revision/latest/scale-to-width-down/100?cb=20211109153050,♂ Jock,Bird,August 11th,"""ace""",Nature
Admiral,"data:image/gif;base64,R0lGODlhAQABAIABAAAAAP///yH5BAEAAAEALAAAAAABAAEAQAICTAEAOw%3D%3D",♂ Cranky,Bird,January 27th,"""aye aye""",Nature
Agent S,"data:image/gif;base64,R0lGODlhAQABAIABAAAAAP///yH5BAEAAAEALAAAAAABAAEAQAICTAEAOw%3D%3D",♀ Peppy,Squirrel,July 2nd,"""sidekick""",Fitness
Agnes,"data:image/gif;base64,R0lGODlhAQABAIABAAAAAP///yH5BAEAAAEALAAAAAABAAEAQAICTAEAOw%3D%3D",♀ Sisterly,Pig,April 21st,"""snuffle""",Play
Al,"data:image/gif;base64,R0lGODlhAQABAIABAAAAAP///yH5BAEAAAEALAAAAAABAAEAQAICTAEAOw%3D%3D",♂ Lazy,Gorilla,October 18th,"""ayyyeeee""",Fitness
Alfonso,"data:image/gif;base64,R0lGODlhAQABAIABAAAAAP///yH5BAEAAAEALAAAAAABAAEAQAICTAEAOw%3D%3D",♂ Lazy,Alligator,June 9th,"""it'sa me""",Play
Alice,"data:image/gif;base64,R0lGODlhAQABAIABAAAAAP///yH5BAEAAAEALAAAAAABAAEAQAICTAEAOw%3D%3D",♀ Normal,Koala,August 19th,"""guvnor""",Education
Alli,"data:image/gif;base64,R0lGODlhAQABAIABAAAAAP///yH5BAEAAAEALAAAAAABAAEAQAICTAEAOw%3D%3D",♀ Snooty,Alligator,November 8th,"""graaagh""",Fashion
Amelia,"data:image/gif;base64,R0lGODlhAQABAIABAAAAAP///yH5BAEAAAEALAAAAAABAAEAQAICTAEAOw%3D%3D",♀ Snooty,Eagle,November 19th,"""cuz""",Music
Anabelle,"data:image/gif;base64,R0lGODlhAQABAIABAAAAAP///yH5BAEAAAEALAAAAAABAAEAQAICTAEAOw%3D%3D",♀ Peppy,Anteater,February 16th,"""snorty""",Fashion
Anchovy,"data:image/gif;base64,R0lGODlhAQABAIABAAAAAP///yH5BAEAAAEALAAAAAABAAEAQAICTAEAOw%3D%3D",♂ Lazy,Bird,March 4th,"""chuurp""",Play
Angus,"data:image/gif;base64,R0lGODlhAQABAIABAAAAAP///yH5BAEAAAEALAAAAAABAAEAQAICTAEAOw%3D%3D",♂ Cranky,Bull,April 30th,"""macmoo""",Fitness
Anicotti,"data:image/gif;base64,R0lGODlhAQABAIABAAAAAP///yH5BAEAAAEALAAAAAABAAEAQAICTAEAOw%3D%3D",♀ Peppy,Mouse,February 24th,"""cannoli""",Fashion
Ankha,"data:image/gif;base64,R0lGODlhAQABAIABAAAAAP///yH5BAEAAAEALAAAAAABAAEAQAICTAEAOw%3D%3D",♀ Snooty,Cat,September 22nd,"""me meow""",Nature
Annalisa,"data:image/gif;base64,R0lGODlhAQABAIABAAAAAP///yH5BAEAAAEALAAAAAABAAEAQAICTAEAOw%3D%3D",♀ Normal,Anteater,February 6th,"""gumdrop""",Nature
Annalise,"data:image/gif;base64,R0lGODlhAQABAIABAAAAAP///yH5BAEAAAEALAAAAAABAAEAQAICTAEAOw%3D%3D",♀ Snooty,Horse,December 2nd,"""nipper""",Fashion
Antonio,"data:image/gif;base64,R0lGODlhAQABAIABAAAAAP///yH5BAEAAAEALAAAAAABAAEAQAICTAEAOw%3D%3D",♂ Jock,Anteater,October 20th,"""honk""",Fitness
Apollo,"data:image/gif;base64,R0lGODlhAQABAIABAAAAAP///yH5BAEAAAEALAAAAAABAAEAQAICTAEAOw%3D%3D",♂ Cranky,Eagle,July 4th,"""pah""",Music
Apple,"data:image/gif;base64,R0lGODlhAQABAIABAAAAAP///yH5BAEAAAEALAAAAAABAAEAQAICTAEAOw%3D%3D",♀ Peppy,Hamster,September 24th,"""cheekers""",Play
Astrid,"data:image/gif;base64,R0lGODlhAQABAIABAAAAAP///yH5BAEAAAEALAAAAAABAAEAQAICTAEAOw%3D%3D",♀ Snooty,Kangaroo,September 8th,"""my pet""",Music
Audie,"data:image/gif;base64,R0lGODlhAQABAIABAAAAAP///yH5BAEAAAEALAAAAAABAAEAQAICTAEAOw%3D%3D",♀ Peppy,Wolf,August 31st,"""foxtrot""",Fitness
Aurora,"data:image/gif;base64,R0lGODlhAQABAIABAAAAAP///yH5BAEAAAEALAAAAAABAAEAQAICTAEAOw%3D%3D",♀ Normal,Penguin,January 27th,"""b-b-baby""",Education
Ava,"data:image/gif;base64,R0lGODlhAQABAIABAAAAAP///yH5BAEAAAEALAAAAAABAAEAQAICTAEAOw%3D%3D",♀ Normal,Chicken,April 28th,"""beaker""",Music
Avery,"data:image/gif;base64,R0lGODlhAQABAIABAAAAAP///yH5BAEAAAEALAAAAAABAAEAQAICTAEAOw%3D%3D",♂ Cranky,Eagle,February 22nd,"""skree-haw""",Music
Axel,"data:image/gif;base64,R0lGODlhAQABAIABAAAAAP///yH5BAEAAAEALAAAAAABAAEAQAICTAEAOw%3D%3D",♂ Jock,Elephant,March 23rd,"""WHONK""",Fitness
Azalea,"data:image/gif;base64,R0lGODlhAQABAIABAAAAAP///yH5BAEAAAEALAAAAAABAAEAQAICTAEAOw%3D%3D",♀ Snooty,Rhino,December 18th,"""merci""",Nature
Baabara,"data:image/gif;base64,R0lGODlhAQABAIABAAAAAP///yH5BAEAAAEALAAAAAABAAEAQAICTAEAOw%3D%3D",♀ Snooty,Sheep,March 28th,"""daahling""",Fashion
Bam,"data:image/gif;base64,R0lGODlhAQABAIABAAAAAP///yH5BAEAAAEALAAAAAABAAEAQAICTAEAOw%3D%3D",♂ Jock,Deer,November 7th,"""kablang""",Play
Bangle,"data:image/gif;base64,R0lGODlhAQABAIABAAAAAP///yH5BAEAAAEALAAAAAABAAEAQAICTAEAOw%3D%3D",♀ Peppy,Tiger,August 27th,"""growf""",Fashion
Barold,"data:image/gif;base64,R0lGODlhAQABAIABAAAAAP///yH5BAEAAAEALAAAAAABAAEAQAICTAEAOw%3D%3D",♂ Lazy,Cub,March 2nd,"""cubby""",Play
Bea,"data:image/gif;base64,R0lGODlhAQABAIABAAAAAP///yH5BAEAAAEALAAAAAABAAEAQAICTAEAOw%3D%3D",♀ Normal,Dog,October 15th,"""bingo""",Nature
Beardo,"data:image/gif;base64,R0lGODlhAQABAIABAAAAAP///yH5BAEAAAEALAAAAAABAAEAQAICTAEAOw%3D%3D",♂ Smug,Bear,September 27th,"""whiskers""",Education
Beau,"data:image/gif;base64,R0lGODlhAQABAIABAAAAAP///yH5BAEAAAEALAAAAAABAAEAQAICTAEAOw%3D%3D",♂ Lazy,Deer,April 5th,"""saltlick""",Nature
Becky,"data:image/gif;base64,R0lGODlhAQABAIABAAAAAP///yH5BAEAAAEALAAAAAABAAEAQAICTAEAOw%3D%3D",♀ Snooty,Chicken,December 9th,"""chicklet""",Music
Bella,"data:image/gif;base64,R0lGODlhAQABAIABAAAAAP///yH5BAEAAAEALAAAAAABAAEAQAICTAEAOw%3D%3D",♀ Peppy,Mouse,December 28th,"""eeks""",Music
Benedict,"data:image/gif;base64,R0lGODlhAQABAIABAAAAAP///yH5BAEAAAEALAAAAAABAAEAQAICTAEAOw%3D%3D",♂ Lazy,Chicken,October 10th,"""uh-hoo""",Play
Benjamin,"data:image/gif;base64,R0lGODlhAQABAIABAAAAAP///yH5BAEAAAEALAAAAAABAAEAQAICTAEAOw%3D%3D",♂ Lazy,Dog,August 3rd,"""alrighty""",Nature
Bertha,"data:image/gif;base64,R0lGODlhAQABAIABAAAAAP///yH5BAEAAAEALAAAAAABAAEAQAICTAEAOw%3D%3D",♀ Normal,Hippo,April 25th,"""bloop""",Education
Bettina,"data:image/gif;base64,R0lGODlhAQABAIABAAAAAP///yH5BAEAAAEALAAAAAABAAEAQAICTAEAOw%3D%3D",♀ Normal,Mouse,June 12th,"""eekers""",Education
Bianca,"data:image/gif;base64,R0lGODlhAQABAIABAAAAAP///yH5BAEAAAEALAAAAAABAAEAQAICTAEAOw%3D%3D",♀ Peppy,Tiger,December 13th,"""glimmer""",Play
Biff,"data:image/gif;base64,R0lGODlhAQABAIABAAAAAP///yH5BAEAAAEALAAAAAABAAEAQAICTAEAOw%3D%3D",♂ Jock,Hippo,March 29th,"""squirt""",Fitness
Big Top,"data:image/gif;base64,R0lGODlhAQABAIABAAAAAP///yH5BAEAAAEALAAAAAABAAEAQAICTAEAOw%3D%3D",♂ Lazy,Elephant,October 3rd,"""villain""",Play
Bill,"data:image/gif;base64,R0lGODlhAQABAIABAAAAAP///yH5BAEAAAEALAAAAAABAAEAQAICTAEAOw%3D%3D",♂ Jock,Duck,February 1st,"""quacko""",Play
Billy,"data:image/gif;base64,R0lGODlhAQABAIABAAAAAP///yH5BAEAAAEALAAAAAABAAEAQAICTAEAOw%3D%3D",♂ Jock,Goat,March 25th,"""dagnaabit""",Play
Biskit,"data:image/gif;base64,R0lGODlhAQABAIABAAAAAP///yH5BAEAAAEALAAAAAABAAEAQAICTAEAOw%3D%3D",♂ Lazy,Dog,May 13th,"""dawg""",Play
Bitty,"data:image/gif;base64,R0lGODlhAQABAIABAAAAAP///yH5BAEAAAEALAAAAAABAAEAQAICTAEAOw%3D%3D",♀ Snooty,Hippo,October 6th,"""my dear""",Education
Blaire,"data:image/gif;base64,R0lGODlhAQABAIABAAAAAP///yH5BAEAAAEALAAAAAABAAEAQAICTAEAOw%3D%3D",♀ Snooty,Squirrel,July 3rd,"""nutlet""",Fashion
Blanche,"data:image/gif;base64,R0lGODlhAQABAIABAAAAAP///yH5BAEAAAEALAAAAAABAAEAQAICTAEAOw%3D%3D",♀ Snooty,Ostrich,December 21st,"""quite so""",Nature
Bluebear,"data:image/gif;base64,R0lGODlhAQABAIABAAAAAP///yH5BAEAAAEALAAAAAABAAEAQAICTAEAOw%3D%3D",♀ Peppy,Cub,June 24th,"""peach""",Fashion
Bob,"data:image/gif;base64,R0lGODlhAQABAIABAAAAAP///yH5BAEAAAEALAAAAAABAAEAQAICTAEAOw%3D%3D",♂ Lazy,Cat,January 1st,"""pthhpth""",Play
Bonbon,"data:image/gif;base64,R0lGODlhAQABAIABAAAAAP///yH5BAEAAAEALAAAAAABAAEAQAICTAEAOw%3D%3D",♀ Peppy,Rabbit,March 3rd,"""deelish""",Play
Bones,"data:image/gif;base64,R0lGODlhAQABAIABAAAAAP///yH5BAEAAAEALAAAAAABAAEAQAICTAEAOw%3D%3D",♂ Lazy,Dog,August 4th,"""yip yip""",Play
Boomer,"data:image/gif;base64,R0lGODlhAQABAIABAAAAAP///yH5BAEAAAEALAAAAAABAAEAQAICTAEAOw%3D%3D",♂ Lazy,Penguin,February 7th,"""human""",Fitness
Boone,"data:image/gif;base64,R0lGODlhAQABAIABAAAAAP///yH5BAEAAAEALAAAAAABAAEAQAICTAEAOw%3D%3D",♂ Jock,Gorilla,September 12th,"""baboom""",Fitness
Boots,"data:image/gif;base64,R0lGODlhAQABAIABAAAAAP///yH5BAEAAAEALAAAAAABAAEAQAICTAEAOw%3D%3D",♂ Jock,Alligator,August 7th,"""munchie""",Play
Boris,"data:image/gif;base64,R0lGODlhAQABAIABAAAAAP///yH5BAEAAAEALAAAAAABAAEAQAICTAEAOw%3D%3D",♂ Cranky,Pig,November 6th,"""schnort""",Nature
Boyd,"data:image/gif;base64,R0lGODlhAQABAIABAAAAAP///yH5BAEAAAEALAAAAAABAAEAQAICTAEAOw%3D%3D",♂ Cranky,Gorilla,October 1st,"""uh-oh""",Fitness
Bree,"data:image/gif;base64,R0lGODlhAQABAIABAAAAAP///yH5BAEAAAEALAAAAAABAAEAQAICTAEAOw%3D%3D",♀ Snooty,Mouse,July 7th,"""cheeseball""",Fashion
Broccolo,"data:image/gif;base64,R0lGODlhAQABAIABAAAAAP///yH5BAEAAAEALAAAAAABAAEAQAICTAEAOw%3D%3D",♂ Lazy,Mouse,June 30th,"""eat it""",Play
Broffina,"data:image/gif;base64,R0lGODlhAQABAIABAAAAAP///yH5BAEAAAEALAAAAAABAAEAQAICTAEAOw%3D%3D",♀ Snooty,Chicken,October 24th,"""cluckadoo""",Music
Bruce,"data:image/gif;base64,R0lGODlhAQABAIABAAAAAP///yH5BAEAAAEALAAAAAABAAEAQAICTAEAOw%3D%3D",♂ Cranky,Deer,May 26th,"""gruff""",Nature
Bubbles,"data:image/gif;base64,R0lGODlhAQABAIABAAAAAP///yH5BAEAAAEALAAAAAABAAEAQAICTAEAOw%3D%3D",♀ Peppy,Hippo,September 18th,"""hipster""",Fashion
Buck,"data:image/gif;base64,R0lGODlhAQABAIABAAAAAP///yH5BAEAAAEALAAAAAABAAEAQAICTAEAOw%3D%3D",♂ Jock,Horse,April 4th,"""pardner""",Fitness
Bud,"data:image/gif;base64,R0lGODlhAQABAIABAAAAAP///yH5BAEAAAEALAAAAAABAAEAQAICTAEAOw%3D%3D",♂ Jock,Lion,August 8th,"""shredded""",Fitness
Bunnie,"data:image/gif;base64,R0lGODlhAQABAIABAAAAAP///yH5BAEAAAEALAAAAAABAAEAQAICTAEAOw%3D%3D",♀ Peppy,Rabbit,May 9th,"""tee-hee""",Fashion
Butch,"data:image/gif;base64,R0lGODlhAQABAIABAAAAAP///yH5BAEAAAEALAAAAAABAAEAQAICTAEAOw%3D%3D",♂ Cranky,Dog,November 1st,"""ROOOOOWF""",Music
Buzz,"data:image/gif;base64,R0lGODlhAQABAIABAAAAAP///yH5BAEAAAEALAAAAAABAAEAQAICTAEAOw%3D%3D",♂ Cranky,Eagle,December 7th,"""captain""",Nature
Cally,"data:image/gif;base64,R0lGODlhAQABAIABAAAAAP///yH5BAEAAAEALAAAAAABAAEAQAICTAEAOw%3D%3D",♀ Normal,Squirrel,September 4th,"""WHEE""",Nature
Camofrog,"data:image/gif;base64,R0lGODlhAQABAIABAAAAAP///yH5BAEAAAEALAAAAAABAAEAQAICTAEAOw%3D%3D",♂ Cranky,Frog,June 5th,"""ten-hut""",Music
Canberra,"data:image/gif;base64,R0lGODlhAQABAIABAAAAAP///yH5BAEAAAEALAAAAAABAAEAQAICTAEAOw%3D%3D",♀ Sisterly,Koala,May 14th,"""nuh uh""",Play
Candi,"data:image/gif;base64,R0lGODlhAQABAIABAAAAAP///yH5BAEAAAEALAAAAAABAAEAQAICTAEAOw%3D%3D",♀ Peppy,Mouse,April 13th,"""sweetie""",Play
Carmen,"data:image/gif;base64,R0lGODlhAQABAIABAAAAAP///yH5BAEAAAEALAAAAAABAAEAQAICTAEAOw%3D%3D",♀ Peppy,Rabbit,January 6th,"""nougat""",Fashion
Caroline,"data:image/gif;base64,R0lGODlhAQABAIABAAAAAP///yH5BAEAAAEALAAAAAABAAEAQAICTAEAOw%3D%3D",♀ Normal,Squirrel,July 15th,"""hulaaaa""",Music
Carrie,"data:image/gif;base64,R0lGODlhAQABAIABAAAAAP///yH5BAEAAAEALAAAAAABAAEAQAICTAEAOw%3D%3D",♀ Normal,Kangaroo,December 5th,"""little one""",Nature
Cashmere,"data:image/gif;base64,R0lGODlhAQABAIABAAAAAP///yH5BAEAAAEALAAAAAABAAEAQAICTAEAOw%3D%3D",♀ Snooty,Sheep,April 2nd,"""baaaby""",Fashion
Celia,"data:image/gif;base64,R0lGODlhAQABAIABAAAAAP///yH5BAEAAAEALAAAAAABAAEAQAICTAEAOw%3D%3D",♀ Normal,Eagle,March 25th,"""feathers""",Nature
Cephalobot,"data:image/gif;base64,R0lGODlhAQABAIABAAAAAP///yH5BAEAAAEALAAAAAABAAEAQAICTAEAOw%3D%3D",♂ Smug,Octopus,April 1st,"""donk donk""",Play
Cesar,"data:image/gif;base64,R0lGODlhAQABAIABAAAAAP///yH5BAEAAAEALAAAAAABAAEAQAICTAEAOw%3D%3D",♂ Cranky,Gorilla,September 6th,"""highness""",Fitness
Chabwick,"data:image/gif;base64,R0lGODlhAQABAIABAAAAAP///yH5BAEAAAEALAAAAAABAAEAQAICTAEAOw%3D%3D",♂ Lazy,Penguin,December 24th,"""blargh""",Play
Chadder,"data:image/gif;base64,R0lGODlhAQABAIABAAAAAP///yH5BAEAAAEALAAAAAABAAEAQAICTAEAOw%3D%3D",♂ Smug,Mouse,December 15th,"""fromage""",Fitness
Chai,"data:image/gif;base64,R0lGODlhAQABAIABAAAAAP///yH5BAEAAAEALAAAAAABAAEAQAICTAEAOw%3D%3D",♀ Peppy,Elephant,March 6th,"""flap flap""",Play
Charlise,"data:image/gif;base64,R0lGODlhAQABAIABAAAAAP///yH5BAEAAAEALAAAAAABAAEAQAICTAEAOw%3D%3D",♀ Sisterly,Bear,April 17th,"""urgh""",Fitness
Chelsea,"data:image/gif;base64,R0lGODlhAQABAIABAAAAAP///yH5BAEAAAEALAAAAAABAAEAQAICTAEAOw%3D%3D",♀ Normal,Deer,January 18th,"""pound cake""",Play
Cheri,"data:image/gif;base64,R0lGODlhAQABAIABAAAAAP///yH5BAEAAAEALAAAAAABAAEAQAICTAEAOw%3D%3D",♀ Peppy,Cub,March 17th,"""tralala""",Fashion
Cherry,"data:image/gif;base64,R0lGODlhAQABAIABAAAAAP///yH5BAEAAAEALAAAAAABAAEAQAICTAEAOw%3D%3D",♀ Sisterly,Dog,May 11th,"""what what""",Music
Chester,"data:image/gif;base64,R0lGODlhAQABAIABAAAAAP///yH5BAEAAAEALAAAAAABAAEAQAICTAEAOw%3D%3D",♂ Lazy,Cub,August 6th,"""rookie""",Play
Chevre,"data:image/gif;base64,R0lGODlhAQABAIABAAAAAP///yH5BAEAAAEALAAAAAABAAEAQAICTAEAOw%3D%3D",♀ Normal,Goat,March 6th,"""la baa""",Education
Chief,"data:image/gif;base64,R0lGODlhAQABAIABAAAAAP///yH5BAEAAAEALAAAAAABAAEAQAICTAEAOw%3D%3D",♂ Cranky,Wolf,December 19th,"""harrumph""",Music
Chops,"data:image/gif;base64,R0lGODlhAQABAIABAAAAAP///yH5BAEAAAEALAAAAAABAAEAQAICTAEAOw%3D%3D",♂ Smug,Pig,October 13th,"""zoink""",Education
Chow,"data:image/gif;base64,R0lGODlhAQABAIABAAAAAP///yH5BAEAAAEALAAAAAABAAEAQAICTAEAOw%3D%3D",♂ Cranky,Bear,July 22nd,"""aiya""",Fitness
Chrissy,"data:image/gif;base64,R0lGODlhAQABAIABAAAAAP///yH5BAEAAAEALAAAAAABAAEAQAICTAEAOw%3D%3D",♀ Peppy,Rabbit,August 28th,"""sparkles""",Fashion
Claude,"data:image/gif;base64,R0lGODlhAQABAIABAAAAAP///yH5BAEAAAEALAAAAAABAAEAQAICTAEAOw%3D%3D",♂ Lazy,Rabbit,December 3rd,"""hopalong""",Nature
Claudia,"data:image/gif;base64,R0lGODlhAQABAIABAAAAAP///yH5BAEAAAEALAAAAAABAAEAQAICTAEAOw%3D%3D",♀ Snooty,Tiger,November 22nd,"""ooh la la""",Music
Clay,"data:image/gif;base64,R0lGODlhAQABAIABAAAAAP///yH5BAEAAAEALAAAAAABAAEAQAICTAEAOw%3D%3D",♂ Lazy,Hamster,October 19th,"""thump""",Nature
Cleo,"data:image/gif;base64,R0lGODlhAQABAIABAAAAAP///yH5BAEAAAEALAAAAAABAAEAQAICTAEAOw%3D%3D",♀ Snooty,Horse,February 9th,"""sugar""",Education
Clyde,"data:image/gif;base64,R0lGODlhAQABAIABAAAAAP///yH5BAEAAAEALAAAAAABAAEAQAICTAEAOw%3D%3D",♂ Lazy,Horse,May 1st,"""clip clawp""",Play
Coach,"data:image/gif;base64,R0lGODlhAQABAIABAAAAAP///yH5BAEAAAEALAAAAAABAAEAQAICTAEAOw%3D%3D",♂ Jock,Bull,April 29th,"""stubble""",Fitness
Cobb,"data:image/gif;base64,R0lGODlhAQABAIABAAAAAP///yH5BAEAAAEALAAAAAABAAEAQAICTAEAOw%3D%3D",♂ Jock,Pig,October 7th,"""hot dog""",Education
Coco,"data:image/gif;base64,R0lGODlhAQABAIABAAAAAP///yH5BAEAAAEALAAAAAABAAEAQAICTAEAOw%3D%3D",♀ Normal,Rabbit,March 1st,"""doyoing""",Education
Cole,"data:image/gif;base64,R0lGODlhAQABAIABAAAAAP///yH5BAEAAAEALAAAAAABAAEAQAICTAEAOw%3D%3D",♂ Lazy,Rabbit,August 10th,"""coooooool""",Nature
Colton,"data:image/gif;base64,R0lGODlhAQABAIABAAAAAP///yH5BAEAAAEALAAAAAABAAEAQAICTAEAOw%3D%3D",♂ Smug,Horse,May 22nd,"""check it""",Nature
Cookie,"data:image/gif;base64,R0lGODlhAQABAIABAAAAAP///yH5BAEAAAEALAAAAAABAAEAQAICTAEAOw%3D%3D",♀ Peppy,Dog,June 18th,"""arfer""",Fashion
Cousteau,"data:image/gif;base64,R0lGODlhAQABAIABAAAAAP///yH5BAEAAAEALAAAAAABAAEAQAICTAEAOw%3D%3D",♂ Jock,Frog,December 17th,"""oui oui""",Fitness
Cranston,"data:image/gif;base64,R0lGODlhAQABAIABAAAAAP///yH5BAEAAAEALAAAAAABAAEAQAICTAEAOw%3D%3D",♂ Lazy,Ostrich,September 23rd,"""sweatband""",Nature
Croque,"data:image/gif;base64,R0lGODlhAQABAIABAAAAAP///yH5BAEAAAEALAAAAAABAAEAQAICTAEAOw%3D%3D",♂ Cranky,Frog,July 18th,"""as if""",Nature
Cube,"data:image/gif;base64,R0lGODlhAQABAIABAAAAAP///yH5BAEAAAEALAAAAAABAAEAQAICTAEAOw%3D%3D",♂ Lazy,Penguin,January 29th,"""brainfreeze""",Play
Curlos,"data:image/gif;base64,R0lGODlhAQABAIABAAAAAP///yH5BAEAAAEALAAAAAABAAEAQAICTAEAOw%3D%3D",♂ Smug,Sheep,May 8th,"""shearly""",Nature
Curly,"data:image/gif;base64,R0lGODlhAQABAIABAAAAAP///yH5BAEAAAEALAAAAAABAAEAQAICTAEAOw%3D%3D",♂ Jock,Pig,July 26th,"""nyoink""",Fitness
Curt,"data:image/gif;base64,R0lGODlhAQABAIABAAAAAP///yH5BAEAAAEALAAAAAABAAEAQAICTAEAOw%3D%3D",♂ Cranky,Bear,July 1st,"""fuzzball""",Nature
Cyd,"data:image/gif;base64,R0lGODlhAQABAIABAAAAAP///yH5BAEAAAEALAAAAAABAAEAQAICTAEAOw%3D%3D",♂ Cranky,Elephant,June 9th,"""rockin'""",Music
Cyrano,"data:image/gif;base64,R0lGODlhAQABAIABAAAAAP///yH5BAEAAAEALAAAAAABAAEAQAICTAEAOw%3D%3D",♂ Cranky,Anteater,March 9th,"""ah-CHOO""",Education
Daisy,"data:image/gif;base64,R0lGODlhAQABAIABAAAAAP///yH5BAEAAAEALAAAAAABAAEAQAICTAEAOw%3D%3D",♀ Normal,Dog,November 16th,"""bow-WOW""",Education
Deena,"data:image/gif;base64,R0lGODlhAQABAIABAAAAAP///yH5BAEAAAEALAAAAAABAAEAQAICTAEAOw%3D%3D",♀ Normal,Duck,June 27th,"""woowoo""",Education
Deirdre,"data:image/gif;base64,R0lGODlhAQABAIABAAAAAP///yH5BAEAAAEALAAAAAABAAEAQAICTAEAOw%3D%3D",♀ Sisterly,Deer,May 4th,"""whatevs""",Play
Del,"data:image/gif;base64,R0lGODlhAQABAIABAAAAAP///yH5BAEAAAEALAAAAAABAAEAQAICTAEAOw%3D%3D",♂ Cranky,Alligator,May 27th,"""gronk""",Fitness
Deli,"data:image/gif;base64,R0lGODlhAQABAIABAAAAAP///yH5BAEAAAEALAAAAAABAAEAQAICTAEAOw%3D%3D",♂ Lazy,Monkey,May 24th,"""monch""",Nature
Derwin,"data:image/gif;base64,R0lGODlhAQABAIABAAAAAP///yH5BAEAAAEALAAAAAABAAEAQAICTAEAOw%3D%3D",♂ Lazy,Duck,May 25th,"""derrrrr""",Play
Diana,"data:image/gif;base64,R0lGODlhAQABAIABAAAAAP///yH5BAEAAAEALAAAAAABAAEAQAICTAEAOw%3D%3D",♀ Snooty,Deer,January 4th,"""no doy""",Education
Diva,"data:image/gif;base64,R0lGODlhAQABAIABAAAAAP///yH5BAEAAAEALAAAAAABAAEAQAICTAEAOw%3D%3D",♀ Sisterly,Frog,October 2nd,"""ya know""",Fitness
Dizzy,"data:image/gif;base64,R0lGODlhAQABAIABAAAAAP///yH5BAEAAAEALAAAAAABAAEAQAICTAEAOw%3D%3D",♂ Lazy,Elephant,July 14th,"""woo-oo""",Play
Dobie,"data:image/gif;base64,R0lGODlhAQABAIABAAAAAP///yH5BAEAAAEALAAAAAABAAEAQAICTAEAOw%3D%3D",♂ Cranky,Wolf,February 17th,"""ohmmm""",Nature
Doc,"data:image/gif;base64,R0lGODlhAQABAIABAAAAAP///yH5BAEAAAEALAAAAAABAAEAQAICTAEAOw%3D%3D",♂ Lazy,Rabbit,March 16th,"""old bunny""",Education
Dom,"data:image/gif;base64,R0lGODlhAQABAIABAAAAAP///yH5BAEAAAEALAAAAAABAAEAQAICTAEAOw%3D%3D",♂ Jock,Sheep,March 18th,"""indeedaroo""",Play
Dora,"data:image/gif;base64,R0lGODlhAQABAIABAAAAAP///yH5BAEAAAEALAAAAAABAAEAQAICTAEAOw%3D%3D",♀ Normal,Mouse,February 18th,"""squeaky""",Education
Dotty,"data:image/gif;base64,R0lGODlhAQABAIABAAAAAP///yH5BAEAAAEALAAAAAABAAEAQAICTAEAOw%3D%3D",♀ Peppy,Rabbit,March 14th,"""wee one""",Fashion
Drago,"data:image/gif;base64,R0lGODlhAQABAIABAAAAAP///yH5BAEAAAEALAAAAAABAAEAQAICTAEAOw%3D%3D",♂ Lazy,Alligator,February 12th,"""burrrn""",Nature
Drake,"data:image/gif;base64,R0lGODlhAQABAIABAAAAAP///yH5BAEAAAEALAAAAAABAAEAQAICTAEAOw%3D%3D",♂ Lazy,Duck,June 25th,"""quacko""",Play
Drift,"data:image/gif;base64,R0lGODlhAQABAIABAAAAAP///yH5BAEAAAEALAAAAAABAAEAQAICTAEAOw%3D%3D",♂ Jock,Frog,October 9th,"""dribbit""",Fitness
Ed,"data:image/gif;base64,R0lGODlhAQABAIABAAAAAP///yH5BAEAAAEALAAAAAABAAEAQAICTAEAOw%3D%3D",♂ Smug,Horse,September 16th,"""greenhorn""",Nature
Egbert,"data:image/gif;base64,R0lGODlhAQABAIABAAAAAP///yH5BAEAAAEALAAAAAABAAEAQAICTAEAOw%3D%3D",♂ Lazy,Chicken,October 14th,"""doodle-duh""",Play
Elise,"data:image/gif;base64,R0lGODlhAQABAIABAAAAAP///yH5BAEAAAEALAAAAAABAAEAQAICTAEAOw%3D%3D",♀ Snooty,Monkey,March 21st,"""puh-lease""",Fashion
Ellie,"data:image/gif;base64,R0lGODlhAQABAIABAAAAAP///yH5BAEAAAEALAAAAAABAAEAQAICTAEAOw%3D%3D",♀ Normal,Elephant,May 12th,"""li'l one""",Nature
Elmer,"data:image/gif;base64,R0lGODlhAQABAIABAAAAAP///yH5BAEAAAEALAAAAAABAAEAQAICTAEAOw%3D%3D",♂ Lazy,Horse,October 5th,"""tenderfoot""",Play
Eloise,"data:image/gif;base64,R0lGODlhAQABAIABAAAAAP///yH5BAEAAAEALAAAAAABAAEAQAICTAEAOw%3D%3D",♀ Snooty,Elephant,December 8th,"""tooooot""",Fashion
Elvis,"data:image/gif;base64,R0lGODlhAQABAIABAAAAAP///yH5BAEAAAEALAAAAAABAAEAQAICTAEAOw%3D%3D",♂ Cranky,Lion,July 23rd,"""unh-hunh""",Education
Erik,"data:image/gif;base64,R0lGODlhAQABAIABAAAAAP///yH5BAEAAAEALAAAAAABAAEAQAICTAEAOw%3D%3D",♂ Lazy,Deer,July 27th,"""chow down""",Nature
Étoile,"data:image/gif;base64,R0lGODlhAQABAIABAAAAAP///yH5BAEAAAEALAAAAAABAAEAQAICTAEAOw%3D%3D",♀ Normal,Sheep,December 25th,"""fuzzy""",Music
Eugene,"data:image/gif;base64,R0lGODlhAQABAIABAAAAAP///yH5BAEAAAEALAAAAAABAAEAQAICTAEAOw%3D%3D",♂ Smug,Koala,October 26th,"""yeah buddy""",Music
Eunice,"data:image/gif;base64,R0lGODlhAQABAIABAAAAAP///yH5BAEAAAEALAAAAAABAAEAQAICTAEAOw%3D%3D",♀ Normal,Sheep,April 3rd,"""lambchop""",Fashion
Faith,"data:image/gif;base64,R0lGODlhAQABAIABAAAAAP///yH5BAEAAAEALAAAAAABAAEAQAICTAEAOw%3D%3D",♀ Sisterly,Koala,March 21st,"""aloha""",Music
Fang,"data:image/gif;base64,R0lGODlhAQABAIABAAAAAP///yH5BAEAAAEALAAAAAABAAEAQAICTAEAOw%3D%3D",♂ Cranky,Wolf,December 18th,"""cha-chomp""",Education
Fauna,"data:image/gif;base64,R0lGODlhAQABAIABAAAAAP///yH5BAEAAAEALAAAAAABAAEAQAICTAEAOw%3D%3D",♀ Normal,Deer,March 26th,"""dearie""",Nature
Felicity,"data:image/gif;base64,R0lGODlhAQABAIABAAAAAP///yH5BAEAAAEALAAAAAABAAEAQAICTAEAOw%3D%3D",♀ Peppy,Cat,March 30th,"""mimimi""",Fashion
Filbert,"data:image/gif;base64,R0lGODlhAQABAIABAAAAAP///yH5BAEAAAEALAAAAAABAAEAQAICTAEAOw%3D%3D",♂ Lazy,Squirrel,June 3rd,"""bucko""",Nature
Flip,"data:image/gif;base64,R0lGODlhAQABAIABAAAAAP///yH5BAEAAAEALAAAAAABAAEAQAICTAEAOw%3D%3D",♂ Jock,Monkey,November 21st,"""rerack""",Music
Flo,"data:image/gif;base64,R0lGODlhAQABAIABAAAAAP///yH5BAEAAAEALAAAAAABAAEAQAICTAEAOw%3D%3D",♀ Sisterly,Penguin,September 2nd,"""cha""",Music
Flora,"data:image/gif;base64,R0lGODlhAQABAIABAAAAAP///yH5BAEAAAEALAAAAAABAAEAQAICTAEAOw%3D%3D",♀ Peppy,Ostrich,February 9th,"""pinky""",Play
Flurry,"data:image/gif;base64,R0lGODlhAQABAIABAAAAAP///yH5BAEAAAEALAAAAAABAAEAQAICTAEAOw%3D%3D",♀ Normal,Hamster,January 30th,"""powderpuff""",Nature
Francine,"data:image/gif;base64,R0lGODlhAQABAIABAAAAAP///yH5BAEAAAEALAAAAAABAAEAQAICTAEAOw%3D%3D",♀ Snooty,Rabbit,January 22nd,"""karat""",Fashion
Frank,"data:image/gif;base64,R0lGODlhAQABAIABAAAAAP///yH5BAEAAAEALAAAAAABAAEAQAICTAEAOw%3D%3D",♂ Cranky,Eagle,July 30th,"""crushy""",Education
Freckles,"data:image/gif;base64,R0lGODlhAQABAIABAAAAAP///yH5BAEAAAEALAAAAAABAAEAQAICTAEAOw%3D%3D",♀ Peppy,Duck,February 19th,"""ducky""",Fashion
Frett,"data:image/gif;base64,R0lGODlhAQABAIABAAAAAP///yH5BAEAAAEALAAAAAABAAEAQAICTAEAOw%3D%3D",♂ Cranky,Dog,October 30th,"""goshers""",Music
Freya,"data:image/gif;base64,R0lGODlhAQABAIABAAAAAP///yH5BAEAAAEALAAAAAABAAEAQAICTAEAOw%3D%3D",♀ Snooty,Wolf,December 14th,"""uff da""",Fashion
Friga,"data:image/gif;base64,R0lGODlhAQABAIABAAAAAP///yH5BAEAAAEALAAAAAABAAEAQAICTAEAOw%3D%3D",♀ Snooty,Penguin,October 16th,"""brrrmph""",Fashion
Frita,"data:image/gif;base64,R0lGODlhAQABAIABAAAAAP///yH5BAEAAAEALAAAAAABAAEAQAICTAEAOw%3D%3D",♀ Sisterly,Sheep,July 16th,"""oh ewe""",Music
Frobert,"data:image/gif;base64,R0lGODlhAQABAIABAAAAAP///yH5BAEAAAEALAAAAAABAAEAQAICTAEAOw%3D%3D",♂ Jock,Frog,February 8th,"""fribbit""",Fitness
Fuchsia,"data:image/gif;base64,R0lGODlhAQABAIABAAAAAP///yH5BAEAAAEALAAAAAABAAEAQAICTAEAOw%3D%3D",♀ Sisterly,Deer,September 19th,"""precious""",Music
Gabi,"data:image/gif;base64,R0lGODlhAQABAIABAAAAAP///yH5BAEAAAEALAAAAAABAAEAQAICTAEAOw%3D%3D",♀ Peppy,Rabbit,December 16th,"""honeybun""",Fashion
Gala,"data:image/gif;base64,R0lGODlhAQABAIABAAAAAP///yH5BAEAAAEALAAAAAABAAEAQAICTAEAOw%3D%3D",♀ Normal,Pig,March 5th,"""snortie""",Education
Gaston,"data:image/gif;base64,R0lGODlhAQABAIABAAAAAP///yH5BAEAAAEALAAAAAABAAEAQAICTAEAOw%3D%3D",♂ Cranky,Rabbit,October 28th,"""mon chou""",Education
Gayle,"data:image/gif;base64,R0lGODlhAQABAIABAAAAAP///yH5BAEAAAEALAAAAAABAAEAQAICTAEAOw%3D%3D",♀ Normal,Alligator,May 17th,"""snacky""",Nature
Genji,"data:image/gif;base64,R0lGODlhAQABAIABAAAAAP///yH5BAEAAAEALAAAAAABAAEAQAICTAEAOw%3D%3D",♂ Jock,Rabbit,January 21st,"""mochi""",Fitness
Gigi,"data:image/gif;base64,R0lGODlhAQABAIABAAAAAP///yH5BAEAAAEALAAAAAABAAEAQAICTAEAOw%3D%3D",♀ Snooty,Frog,August 11th,"""ribbette""",Fashion
Gladys,"data:image/gif;base64,R0lGODlhAQABAIABAAAAAP///yH5BAEAAAEALAAAAAABAAEAQAICTAEAOw%3D%3D",♀ Normal,Ostrich,January 15th,"""stretch""",Education
Gloria,"data:image/gif;base64,R0lGODlhAQABAIABAAAAAP///yH5BAEAAAEALAAAAAABAAEAQAICTAEAOw%3D%3D",♀ Snooty,Duck,August 12th,"""quacker""",Fashion
Goldie,"data:image/gif;base64,R0lGODlhAQABAIABAAAAAP///yH5BAEAAAEALAAAAAABAAEAQAICTAEAOw%3D%3D",♀ Normal,Dog,December 27th,"""woof""",Nature
Gonzo,"data:image/gif;base64,R0lGODlhAQABAIABAAAAAP///yH5BAEAAAEALAAAAAABAAEAQAICTAEAOw%3D%3D",♂ Cranky,Koala,October 13th,"""mate""",Nature
Goose,"data:image/gif;base64,R0lGODlhAQABAIABAAAAAP///yH5BAEAAAEALAAAAAABAAEAQAICTAEAOw%3D%3D",♂ Jock,Chicken,October 4th,"""buh-kay""",Fitness
Graham,"data:image/gif;base64,R0lGODlhAQABAIABAAAAAP///yH5BAEAAAEALAAAAAABAAEAQAICTAEAOw%3D%3D",♂ Smug,Hamster,June 20th,"""indeed""",Education
Greta,"data:image/gif;base64,R0lGODlhAQABAIABAAAAAP///yH5BAEAAAEALAAAAAABAAEAQAICTAEAOw%3D%3D",♀ Snooty,Mouse,September 5th,"""yelp""",Education
Grizzly,"data:image/gif;base64,R0lGODlhAQABAIABAAAAAP///yH5BAEAAAEALAAAAAABAAEAQAICTAEAOw%3D%3D",♂ Cranky,Bear,July 31st,"""grrr""",Education
Groucho,"data:image/gif;base64,R0lGODlhAQABAIABAAAAAP///yH5BAEAAAEALAAAAAABAAEAQAICTAEAOw%3D%3D",♂ Cranky,Bear,October 23rd,"""grumble""",Music
Gruff,"data:image/gif;base64,R0lGODlhAQABAIABAAAAAP///yH5BAEAAAEALAAAAAABAAEAQAICTAEAOw%3D%3D",♂ Cranky,Goat,August 29th,"""bleh eh eh""",Music
Gwen,"data:image/gif;base64,R0lGODlhAQABAIABAAAAAP///yH5BAEAAAEALAAAAAABAAEAQAICTAEAOw%3D%3D",♀ Snooty,Penguin,January 23rd,"""h-h-h-hon""",Fashion
Hamlet,"data:image/gif;base64,R0lGODlhAQABAIABAAAAAP///yH5BAEAAAEALAAAAAABAAEAQAICTAEAOw%3D%3D",♂ Jock,Hamster,May 30th,"""hammie""",Play
Hamphrey,"data:image/gif;base64,R0lGODlhAQABAIABAAAAAP///yH5BAEAAAEALAAAAAABAAEAQAICTAEAOw%3D%3D",♂ Cranky,Hamster,February 25th,"""snort""",Nature
Hans,"data:image/gif;base64,R0lGODlhAQABAIABAAAAAP///yH5BAEAAAEALAAAAAABAAEAQAICTAEAOw%3D%3D",♂ Smug,Gorilla,December 5th,"""groovy""",Fitness
Harry,"data:image/gif;base64,R0lGODlhAQABAIABAAAAAP///yH5BAEAAAEALAAAAAABAAEAQAICTAEAOw%3D%3D",♂ Cranky,Hippo,January 7th,"""beach bum""",Education
Hazel,"data:image/gif;base64,R0lGODlhAQABAIABAAAAAP///yH5BAEAAAEALAAAAAABAAEAQAICTAEAOw%3D%3D",♀ Sisterly,Squirrel,August 30th,"""uni-wow""",Play
Henry,"data:image/gif;base64,R0lGODlhAQABAIABAAAAAP///yH5BAEAAAEALAAAAAABAAEAQAICTAEAOw%3D%3D",♂ Smug,Frog,September 21st,"""snoozit""",Music
Hippeux,"data:image/gif;base64,R0lGODlhAQABAIABAAAAAP///yH5BAEAAAEALAAAAAABAAEAQAICTAEAOw%3D%3D",♂ Smug,Hippo,October 15th,"""natch""",Education
Hopkins,"data:image/gif;base64,R0lGODlhAQABAIABAAAAAP///yH5BAEAAAEALAAAAAABAAEAQAICTAEAOw%3D%3D",♂ Lazy,Rabbit,March 11th,"""thumper""",Nature
Hopper,"data:image/gif;base64,R0lGODlhAQABAIABAAAAAP///yH5BAEAAAEALAAAAAABAAEAQAICTAEAOw%3D%3D",♂ Cranky,Penguin,April 6th,"""slushie""",Music
Hornsby,"data:image/gif;base64,R0lGODlhAQABAIABAAAAAP///yH5BAEAAAEALAAAAAABAAEAQAICTAEAOw%3D%3D",♂ Lazy,Rhino,March 20th,"""schnozzle""",Nature
Huck,"data:image/gif;base64,R0lGODlhAQABAIABAAAAAP///yH5BAEAAAEALAAAAAABAAEAQAICTAEAOw%3D%3D",♂ Smug,Frog,July 9th,"""hopper""",Fitness
Hugh,"data:image/gif;base64,R0lGODlhAQABAIABAAAAAP///yH5BAEAAAEALAAAAAABAAEAQAICTAEAOw%3D%3D",♂ Lazy,Pig,December 30th,"""snortle""",Play
Iggly,"data:image/gif;base64,R0lGODlhAQABAIABAAAAAP///yH5BAEAAAEALAAAAAABAAEAQAICTAEAOw%3D%3D",♂ Jock,Penguin,November 2nd,"""waddler""",Fitness
Ike,"data:image/gif;base64,R0lGODlhAQABAIABAAAAAP///yH5BAEAAAEALAAAAAABAAEAQAICTAEAOw%3D%3D",♂ Cranky,Bear,May 16th,"""roadie""",Nature
Ione,"data:image/gif;base64,R0lGODlhAQABAIABAAAAAP///yH5BAEAAAEALAAAAAABAAEAQAICTAEAOw%3D%3D",♀ Normal,Squirrel,September 11th,"""gleam""",Fashion
JacobNAJakeyPAL,"data:image/gif;base64,R0lGODlhAQABAIABAAAAAP///yH5BAEAAAEALAAAAAABAAEAQAICTAEAOw%3D%3D",♂ Lazy,Bird,August 24th,"""ya feel""",Nature
Jacques,"data:image/gif;base64,R0lGODlhAQABAIABAAAAAP///yH5BAEAAAEALAAAAAABAAEAQAICTAEAOw%3D%3D",♂ Smug,Bird,June 22nd,"""zut alors""",Music
Jambette,"data:image/gif;base64,R0lGODlhAQABAIABAAAAAP///yH5BAEAAAEALAAAAAABAAEAQAICTAEAOw%3D%3D",♀ Normal,Frog,October 27th,"""croak-kay""",Fashion
Jay,"data:image/gif;base64,R0lGODlhAQABAIABAAAAAP///yH5BAEAAAEALAAAAAABAAEAQAICTAEAOw%3D%3D",♂ Jock,Bird,July 17th,"""heeeeeyy""",Fitness
Jeremiah,"data:image/gif;base64,R0lGODlhAQABAIABAAAAAP///yH5BAEAAAEALAAAAAABAAEAQAICTAEAOw%3D%3D",♂ Lazy,Frog,July 8th,"""nee-deep""",Play
Jitters,"data:image/gif;base64,R0lGODlhAQABAIABAAAAAP///yH5BAEAAAEALAAAAAABAAEAQAICTAEAOw%3D%3D",♂ Jock,Bird,February 2nd,"""bzzert""",Fitness
Joey,"data:image/gif;base64,R0lGODlhAQABAIABAAAAAP///yH5BAEAAAEALAAAAAABAAEAQAICTAEAOw%3D%3D",♂ Lazy,Duck,January 3rd,"""bleeeeeck""",Play
Judy,"data:image/gif;base64,R0lGODlhAQABAIABAAAAAP///yH5BAEAAAEALAAAAAABAAEAQAICTAEAOw%3D%3D",♀ Snooty,Cub,March 10th,"""myohmy""",Music
Julia,"data:image/gif;base64,R0lGODlhAQABAIABAAAAAP///yH5BAEAAAEALAAAAAABAAEAQAICTAEAOw%3D%3D",♀ Snooty,Ostrich,July 31st,"""dahling""",Education
Julian,"data:image/gif;base64,R0lGODlhAQABAIABAAAAAP///yH5BAEAAAEALAAAAAABAAEAQAICTAEAOw%3D%3D",♂ Smug,Horse,March 15th,"""glitter""",Music
June,"data:image/gif;base64,R0lGODlhAQABAIABAAAAAP///yH5BAEAAAEALAAAAAABAAEAQAICTAEAOw%3D%3D",♀ Normal,Cub,May 21st,"""rainbow""",Nature
Kabuki,"data:image/gif;base64,R0lGODlhAQABAIABAAAAAP///yH5BAEAAAEALAAAAAABAAEAQAICTAEAOw%3D%3D",♂ Cranky,Cat,November 29th,"""meooo-OH""",Music
Katt,"data:image/gif;base64,R0lGODlhAQABAIABAAAAAP///yH5BAEAAAEALAAAAAABAAEAQAICTAEAOw%3D%3D",♀ Sisterly,Cat,April 27th,"""purrty""",Music
Keaton,"data:image/gif;base64,R0lGODlhAQABAIABAAAAAP///yH5BAEAAAEALAAAAAABAAEAQAICTAEAOw%3D%3D",♂ Smug,Eagle,June 1st,"""wingo""",Music
Ken,"data:image/gif;base64,R0lGODlhAQABAIABAAAAAP///yH5BAEAAAEALAAAAAABAAEAQAICTAEAOw%3D%3D",♂ Smug,Chicken,December 23rd,"""no doubt""",Education
Ketchup,"data:image/gif;base64,R0lGODlhAQABAIABAAAAAP///yH5BAEAAAEALAAAAAABAAEAQAICTAEAOw%3D%3D",♀ Peppy,Duck,July 27th,"""bitty""",Play
Kevin,"data:image/gif;base64,R0lGODlhAQABAIABAAAAAP///yH5BAEAAAEALAAAAAABAAEAQAICTAEAOw%3D%3D",♂ Jock,Pig,April 26th,"""weeweewee""",Play
Kid Cat,"data:image/gif;base64,R0lGODlhAQABAIABAAAAAP///yH5BAEAAAEALAAAAAABAAEAQAICTAEAOw%3D%3D",♂ Jock,Cat,August 1st,"""psst""",Fitness
Kidd,"data:image/gif;base64,R0lGODlhAQABAIABAAAAAP///yH5BAEAAAEALAAAAAABAAEAQAICTAEAOw%3D%3D",♂ Smug,Goat,June 28th,"""wut""",Education
Kiki,"data:image/gif;base64,R0lGODlhAQABAIABAAAAAP///yH5BAEAAAEALAAAAAABAAEAQAICTAEAOw%3D%3D",♀ Normal,Cat,October 8th,"""kitty cat""",Education
Kitt,"data:image/gif;base64,R0lGODlhAQABAIABAAAAAP///yH5BAEAAAEALAAAAAABAAEAQAICTAEAOw%3D%3D",♀ Normal,Kangaroo,October 11th,"""child""",Education
Kitty,"data:image/gif;base64,R0lGODlhAQABAIABAAAAAP///yH5BAEAAAEALAAAAAABAAEAQAICTAEAOw%3D%3D",♀ Snooty,Cat,February 15th,"""mrowrr""",Fashion
Klaus,"data:image/gif;base64,R0lGODlhAQABAIABAAAAAP///yH5BAEAAAEALAAAAAABAAEAQAICTAEAOw%3D%3D",♂ Smug,Bear,March 31st,"""strudel""",Education
Knox,"data:image/gif;base64,R0lGODlhAQABAIABAAAAAP///yH5BAEAAAEALAAAAAABAAEAQAICTAEAOw%3D%3D",♂ Cranky,Chicken,November 23rd,"""cluckling""",Education
Kody,"data:image/gif;base64,R0lGODlhAQABAIABAAAAAP///yH5BAEAAAEALAAAAAABAAEAQAICTAEAOw%3D%3D",♂ Jock,Cub,September 28th,"""grah grah""",Fitness
Kyle,"data:image/gif;base64,R0lGODlhAQABAIABAAAAAP///yH5BAEAAAEALAAAAAABAAEAQAICTAEAOw%3D%3D",♂ Smug,Wolf,December 6th,"""alpha""",Music
Leonardo,"data:image/gif;base64,R0lGODlhAQABAIABAAAAAP///yH5BAEAAAEALAAAAAABAAEAQAICTAEAOw%3D%3D",♂ Jock,Tiger,May 15th,"""flexin'""",Fitness
Leopold,"data:image/gif;base64,R0lGODlhAQABAIABAAAAAP///yH5BAEAAAEALAAAAAABAAEAQAICTAEAOw%3D%3D",♂ Smug,Lion,August 14th,"""lion cub""",Education
Lily,"data:image/gif;base64,R0lGODlhAQABAIABAAAAAP///yH5BAEAAAEALAAAAAABAAEAQAICTAEAOw%3D%3D",♀ Normal,Frog,February 4th,"""toady""",Education
Limberg,"data:image/gif;base64,R0lGODlhAQABAIABAAAAAP///yH5BAEAAAEALAAAAAABAAEAQAICTAEAOw%3D%3D",♂ Cranky,Mouse,October 17th,"""squinky""",Education
Lionel,"data:image/gif;base64,R0lGODlhAQABAIABAAAAAP///yH5BAEAAAEALAAAAAABAAEAQAICTAEAOw%3D%3D",♂ Smug,Lion,July 29th,"""precisely""",Music
Lobo,"data:image/gif;base64,R0lGODlhAQABAIABAAAAAP///yH5BAEAAAEALAAAAAABAAEAQAICTAEAOw%3D%3D",♂ Cranky,Wolf,November 5th,"""ah-rooooo""",Education
Lolly,"data:image/gif;base64,R0lGODlhAQABAIABAAAAAP///yH5BAEAAAEALAAAAAABAAEAQAICTAEAOw%3D%3D",♀ Normal,Cat,March 27th,"""bonbon""",Music
Lopez,"data:image/gif;base64,R0lGODlhAQABAIABAAAAAP///yH5BAEAAAEALAAAAAABAAEAQAICTAEAOw%3D%3D",♂ Smug,Deer,August 20th,"""badoom""",Education
Louie,"data:image/gif;base64,R0lGODlhAQABAIABAAAAAP///yH5BAEAAAEALAAAAAABAAEAQAICTAEAOw%3D%3D",♂ Jock,Gorilla,March 26th,"""hoo hoo ha""",Fitness
Lucha,"data:image/gif;base64,R0lGODlhAQABAIABAAAAAP///yH5BAEAAAEALAAAAAABAAEAQAICTAEAOw%3D%3D",♂ Smug,Bird,December 12th,"""cacaw""",Fitness
Lucky,"data:image/gif;base64,R0lGODlhAQABAIABAAAAAP///yH5BAEAAAEALAAAAAABAAEAQAICTAEAOw%3D%3D",♂ Lazy,Dog,November 4th,"""rrr-owch""",Play
Lucy,"data:image/gif;base64,R0lGODlhAQABAIABAAAAAP///yH5BAEAAAEALAAAAAABAAEAQAICTAEAOw%3D%3D",♀ Normal,Pig,June 2nd,"""snoooink""",Music
Lyman,"data:image/gif;base64,R0lGODlhAQABAIABAAAAAP///yH5BAEAAAEALAAAAAABAAEAQAICTAEAOw%3D%3D",♂ Jock,Koala,October 12th,"""chips""",Play
Mac,"data:image/gif;base64,R0lGODlhAQABAIABAAAAAP///yH5BAEAAAEALAAAAAABAAEAQAICTAEAOw%3D%3D",♂ Jock,Dog,November 11th,"""woo woof""",Fitness
Maddie,"data:image/gif;base64,R0lGODlhAQABAIABAAAAAP///yH5BAEAAAEALAAAAAABAAEAQAICTAEAOw%3D%3D",♀ Peppy,Dog,January 11th,"""yippee""",Play
Maelle,"data:image/gif;base64,R0lGODlhAQABAIABAAAAAP///yH5BAEAAAEALAAAAAABAAEAQAICTAEAOw%3D%3D",♀ Snooty,Duck,April 8th,"""duckling""",Fashion
Maggie,"data:image/gif;base64,R0lGODlhAQABAIABAAAAAP///yH5BAEAAAEALAAAAAABAAEAQAICTAEAOw%3D%3D",♀ Normal,Pig,September 3rd,"""schep""",Nature
Mallary,"data:image/gif;base64,R0lGODlhAQABAIABAAAAAP///yH5BAEAAAEALAAAAAABAAEAQAICTAEAOw%3D%3D",♀ Snooty,Duck,November 17th,"""quackpth""",Fashion
Maple,"data:image/gif;base64,R0lGODlhAQABAIABAAAAAP///yH5BAEAAAEALAAAAAABAAEAQAICTAEAOw%3D%3D",♀ Normal,Cub,June 15th,"""honey""",Education
Marcel,"data:image/gif;base64,R0lGODlhAQABAIABAAAAAP///yH5BAEAAAEALAAAAAABAAEAQAICTAEAOw%3D%3D",♂ Lazy,Dog,December 31st,"""non""",Play
Marcie,"data:image/gif;base64,R0lGODlhAQABAIABAAAAAP///yH5BAEAAAEALAAAAAABAAEAQAICTAEAOw%3D%3D",♀ Normal,Kangaroo,May 31st,"""pouches""",Nature
Margie,"data:image/gif;base64,R0lGODlhAQABAIABAAAAAP///yH5BAEAAAEALAAAAAABAAEAQAICTAEAOw%3D%3D",♀ Normal,Elephant,January 28th,"""tootie""",Education
Marina,"data:image/gif;base64,R0lGODlhAQABAIABAAAAAP///yH5BAEAAAEALAAAAAABAAEAQAICTAEAOw%3D%3D",♀ Normal,Octopus,June 26th,"""blurp""",Music
Marlo,"data:image/gif;base64,R0lGODlhAQABAIABAAAAAP///yH5BAEAAAEALAAAAAABAAEAQAICTAEAOw%3D%3D",♂ Cranky,Hamster,June 26th,"""gabeesh""",Education
Marshal,"data:image/gif;base64,R0lGODlhAQABAIABAAAAAP///yH5BAEAAAEALAAAAAABAAEAQAICTAEAOw%3D%3D",♂ Smug,Squirrel,September 29th,"""sulky""",Music
Marty,"data:image/gif;base64,R0lGODlhAQABAIABAAAAAP///yH5BAEAAAEALAAAAAABAAEAQAICTAEAOw%3D%3D",♂ Lazy,Cub,April 16th,"""pompom""",Play
Mathilda,"data:image/gif;base64,R0lGODlhAQABAIABAAAAAP///yH5BAEAAAEALAAAAAABAAEAQAICTAEAOw%3D%3D",♀ Snooty,Kangaroo,November 12th,"""wee baby""",Fitness
Megan,"data:image/gif;base64,R0lGODlhAQABAIABAAAAAP///yH5BAEAAAEALAAAAAABAAEAQAICTAEAOw%3D%3D",♀ Normal,Bear,March 13th,"""sundae""",Nature
Melba,"data:image/gif;base64,R0lGODlhAQABAIABAAAAAP///yH5BAEAAAEALAAAAAABAAEAQAICTAEAOw%3D%3D",♀ Normal,Koala,April 12th,"""toasty""",Education
Merengue,"data:image/gif;base64,R0lGODlhAQABAIABAAAAAP///yH5BAEAAAEALAAAAAABAAEAQAICTAEAOw%3D%3D",♀ Normal,Rhino,March 19th,"""shortcake""",Nature
Merry,"data:image/gif;base64,R0lGODlhAQABAIABAAAAAP///yH5BAEAAAEALAAAAAABAAEAQAICTAEAOw%3D%3D",♀ Peppy,Cat,June 29th,"""mweee""",Fashion
Midge,"data:image/gif;base64,R0lGODlhAQABAIABAAAAAP///yH5BAEAAAEALAAAAAABAAEAQAICTAEAOw%3D%3D",♀ Normal,Bird,March 12th,"""tweedledee""",Education
Mint,"data:image/gif;base64,R0lGODlhAQABAIABAAAAAP///yH5BAEAAAEALAAAAAABAAEAQAICTAEAOw%3D%3D",♀ Snooty,Squirrel,May 2nd,"""ahhhhhh""",Fashion
Mira,"data:image/gif;base64,R0lGODlhAQABAIABAAAAAP///yH5BAEAAAEALAAAAAABAAEAQAICTAEAOw%3D%3D",♀ Sisterly,Rabbit,July 6th,"""cottontail""",Fitness
Miranda,"data:image/gif;base64,R0lGODlhAQABAIABAAAAAP///yH5BAEAAAEALAAAAAABAAEAQAICTAEAOw%3D%3D",♀ Snooty,Duck,April 23rd,"""quackulous""",Fashion
Mitzi,"data:image/gif;base64,R0lGODlhAQABAIABAAAAAP///yH5BAEAAAEALAAAAAABAAEAQAICTAEAOw%3D%3D",♀ Normal,Cat,September 25th,"""mew""",Education
Moe,"data:image/gif;base64,R0lGODlhAQABAIABAAAAAP///yH5BAEAAAEALAAAAAABAAEAQAICTAEAOw%3D%3D",♂ Lazy,Cat,January 12th,"""myawn""",Play
Molly,"data:image/gif;base64,R0lGODlhAQABAIABAAAAAP///yH5BAEAAAEALAAAAAABAAEAQAICTAEAOw%3D%3D",♀ Normal,Duck,March 7th,"""quackidee""",Nature
Monique,"data:image/gif;base64,R0lGODlhAQABAIABAAAAAP///yH5BAEAAAEALAAAAAABAAEAQAICTAEAOw%3D%3D",♀ Snooty,Cat,September 30th,"""pffffft""",Fashion
Monty,"data:image/gif;base64,R0lGODlhAQABAIABAAAAAP///yH5BAEAAAEALAAAAAABAAEAQAICTAEAOw%3D%3D",♂ Cranky,Monkey,December 7th,"""g'tang""",Education
Moose,"data:image/gif;base64,R0lGODlhAQABAIABAAAAAP///yH5BAEAAAEALAAAAAABAAEAQAICTAEAOw%3D%3D",♂ Jock,Mouse,September 13th,"""shorty""",Fitness
Mott,"data:image/gif;base64,R0lGODlhAQABAIABAAAAAP///yH5BAEAAAEALAAAAAABAAEAQAICTAEAOw%3D%3D",♂ Jock,Lion,July 10th,"""cagey""",Fitness
Muffy,"data:image/gif;base64,R0lGODlhAQABAIABAAAAAP///yH5BAEAAAEALAAAAAABAAEAQAICTAEAOw%3D%3D",♀ Sisterly,Sheep,February 14th,"""nightshade""",Music
Murphy,"data:image/gif;base64,R0lGODlhAQABAIABAAAAAP///yH5BAEAAAEALAAAAAABAAEAQAICTAEAOw%3D%3D",♂ Cranky,Cub,December 29th,"""malarkey""",Education
Nan,"data:image/gif;base64,R0lGODlhAQABAIABAAAAAP///yH5BAEAAAEALAAAAAABAAEAQAICTAEAOw%3D%3D",♀ Normal,Goat,August 24th,"""kid""",Nature
Nana,"data:image/gif;base64,R0lGODlhAQABAIABAAAAAP///yH5BAEAAAEALAAAAAABAAEAQAICTAEAOw%3D%3D",♀ Normal,Monkey,August 23rd,"""po po""",Education
Naomi,"data:image/gif;base64,R0lGODlhAQABAIABAAAAAP///yH5BAEAAAEALAAAAAABAAEAQAICTAEAOw%3D%3D",♀ Snooty,Cow,February 28th,"""moolah""",Fashion
Nate,"data:image/gif;base64,R0lGODlhAQABAIABAAAAAP///yH5BAEAAAEALAAAAAABAAEAQAICTAEAOw%3D%3D",♂ Lazy,Bear,August 16th,"""yawwwn""",Play
Nibbles,"data:image/gif;base64,R0lGODlhAQABAIABAAAAAP///yH5BAEAAAEALAAAAAABAAEAQAICTAEAOw%3D%3D",♀ Peppy,Squirrel,July 19th,"""niblet""",Fashion
Norma,"data:image/gif;base64,R0lGODlhAQABAIABAAAAAP///yH5BAEAAAEALAAAAAABAAEAQAICTAEAOw%3D%3D",♀ Normal,Cow,September 20th,"""hoof hoo""",Nature
Octavian,"data:image/gif;base64,R0lGODlhAQABAIABAAAAAP///yH5BAEAAAEALAAAAAABAAEAQAICTAEAOw%3D%3D",♂ Cranky,Octopus,September 20th,"""sucker""",Play
O'Hare,"data:image/gif;base64,R0lGODlhAQABAIABAAAAAP///yH5BAEAAAEALAAAAAABAAEAQAICTAEAOw%3D%3D",♂ Smug,Rabbit,July 24th,"""amigo""",Nature
Olaf,"data:image/gif;base64,R0lGODlhAQABAIABAAAAAP///yH5BAEAAAEALAAAAAABAAEAQAICTAEAOw%3D%3D",♂ Smug,Anteater,May 19th,"""whiffa""",Education
Olive,"data:image/gif;base64,R0lGODlhAQABAIABAAAAAP///yH5BAEAAAEALAAAAAABAAEAQAICTAEAOw%3D%3D",♀ Normal,Cub,July 12th,"""sweet pea""",Nature
Olivia,"data:image/gif;base64,R0lGODlhAQABAIABAAAAAP///yH5BAEAAAEALAAAAAABAAEAQAICTAEAOw%3D%3D",♀ Snooty,Cat,February 3rd,"""purrr""",Music
Opal,"data:image/gif;base64,R0lGODlhAQABAIABAAAAAP///yH5BAEAAAEALAAAAAABAAEAQAICTAEAOw%3D%3D",♀ Snooty,Elephant,January 20th,"""snoot""",Fashion
Ozzie,"data:image/gif;base64,R0lGODlhAQABAIABAAAAAP///yH5BAEAAAEALAAAAAABAAEAQAICTAEAOw%3D%3D",♂ Lazy,Koala,May 7th,"""ol' bear""",Play
Pancetti,"data:image/gif;base64,R0lGODlhAQABAIABAAAAAP///yH5BAEAAAEALAAAAAABAAEAQAICTAEAOw%3D%3D",♀ Snooty,Pig,November 14th,"""sooey""",Music
Pango,"data:image/gif;base64,R0lGODlhAQABAIABAAAAAP///yH5BAEAAAEALAAAAAABAAEAQAICTAEAOw%3D%3D",♀ Peppy,Anteater,November 9th,"""snooooof""",Fashion
Paolo,"data:image/gif;base64,R0lGODlhAQABAIABAAAAAP///yH5BAEAAAEALAAAAAABAAEAQAICTAEAOw%3D%3D",♂ Lazy,Elephant,May 5th,"""pal""",Nature
Papi,"data:image/gif;base64,R0lGODlhAQABAIABAAAAAP///yH5BAEAAAEALAAAAAABAAEAQAICTAEAOw%3D%3D",♂ Lazy,Horse,January 10th,"""haaay""",Nature
Pashmina,"data:image/gif;base64,R0lGODlhAQABAIABAAAAAP///yH5BAEAAAEALAAAAAABAAEAQAICTAEAOw%3D%3D",♀ Sisterly,Goat,December 26th,"""kidders""",Music
Pate,"data:image/gif;base64,R0lGODlhAQABAIABAAAAAP///yH5BAEAAAEALAAAAAABAAEAQAICTAEAOw%3D%3D",♀ Peppy,Duck,February 23rd,"""quackle""",Fashion
Patty,"data:image/gif;base64,R0lGODlhAQABAIABAAAAAP///yH5BAEAAAEALAAAAAABAAEAQAICTAEAOw%3D%3D",♀ Peppy,Cow,May 10th,"""how-now""",Fashion
Paula,"data:image/gif;base64,R0lGODlhAQABAIABAAAAAP///yH5BAEAAAEALAAAAAABAAEAQAICTAEAOw%3D%3D",♀ Sisterly,Bear,March 22nd,"""yodelay""",Fitness
Peaches,"data:image/gif;base64,R0lGODlhAQABAIABAAAAAP///yH5BAEAAAEALAAAAAABAAEAQAICTAEAOw%3D%3D",♀ Normal,Horse,November 28th,"""neighbor""",Education
Peanut,"data:image/gif;base64,R0lGODlhAQABAIABAAAAAP///yH5BAEAAAEALAAAAAABAAEAQAICTAEAOw%3D%3D",♀ Peppy,Squirrel,June 8th,"""slacker""",Fashion
Pecan,"data:image/gif;base64,R0lGODlhAQABAIABAAAAAP///yH5BAEAAAEALAAAAAABAAEAQAICTAEAOw%3D%3D",♀ Snooty,Squirrel,September 10th,"""chipmunk""",Fashion
Peck,"data:image/gif;base64,R0lGODlhAQABAIABAAAAAP///yH5BAEAAAEALAAAAAABAAEAQAICTAEAOw%3D%3D",♂ Jock,Bird,July 25th,"""crunch""",Play
Peewee,"data:image/gif;base64,R0lGODlhAQABAIABAAAAAP///yH5BAEAAAEALAAAAAABAAEAQAICTAEAOw%3D%3D",♂ Cranky,Gorilla,September 11th,"""li'l bitty baby""",Fitness
Peggy,"data:image/gif;base64,R0lGODlhAQABAIABAAAAAP///yH5BAEAAAEALAAAAAABAAEAQAICTAEAOw%3D%3D",♀ Peppy,Pig,May 23rd,"""shweetie""",Fashion
Pekoe,"data:image/gif;base64,R0lGODlhAQABAIABAAAAAP///yH5BAEAAAEALAAAAAABAAEAQAICTAEAOw%3D%3D",♀ Normal,Cub,May 18th,"""bud""",Nature
Penelope,"data:image/gif;base64,R0lGODlhAQABAIABAAAAAP///yH5BAEAAAEALAAAAAABAAEAQAICTAEAOw%3D%3D",♀ Peppy,Mouse,February 5th,"""oh bow""",Fashion
Petri,"data:image/gif;base64,R0lGODlhAQABAIABAAAAAP///yH5BAEAAAEALAAAAAABAAEAQAICTAEAOw%3D%3D",♀ Snooty,Mouse,October 23rd,"""mmhmm""",Education
Phil,"data:image/gif;base64,R0lGODlhAQABAIABAAAAAP///yH5BAEAAAEALAAAAAABAAEAQAICTAEAOw%3D%3D",♂ Smug,Ostrich,November 27th,"""hurk""",Music
Phoebe,"data:image/gif;base64,R0lGODlhAQABAIABAAAAAP///yH5BAEAAAEALAAAAAABAAEAQAICTAEAOw%3D%3D",♀ Sisterly,Ostrich,April 22nd,"""sparky""",Fitness
Pierce,"data:image/gif;base64,R0lGODlhAQABAIABAAAAAP///yH5BAEAAAEALAAAAAABAAEAQAICTAEAOw%3D%3D",♂ Jock,Eagle,January 8th,"""hawkeye""",Fitness
Pietro,"data:image/gif;base64,R0lGODlhAQABAIABAAAAAP///yH5BAEAAAEALAAAAAABAAEAQAICTAEAOw%3D%3D",♂ Smug,Sheep,April 19th,"""honk honk""",Music
Pinky,"data:image/gif;base64,R0lGODlhAQABAIABAAAAAP///yH5BAEAAAEALAAAAAABAAEAQAICTAEAOw%3D%3D",♀ Peppy,Bear,September 9th,"""wah""",Fashion
Piper,"data:image/gif;base64,R0lGODlhAQABAIABAAAAAP///yH5BAEAAAEALAAAAAABAAEAQAICTAEAOw%3D%3D",♀ Peppy,Bird,April 18th,"""chickadee""",Play
Pippy,"data:image/gif;base64,R0lGODlhAQABAIABAAAAAP///yH5BAEAAAEALAAAAAABAAEAQAICTAEAOw%3D%3D",♀ Peppy,Rabbit,June 14th,"""li'l hare""",Fashion
Plucky,"data:image/gif;base64,R0lGODlhAQABAIABAAAAAP///yH5BAEAAAEALAAAAAABAAEAQAICTAEAOw%3D%3D",♀ Sisterly,Chicken,October 12th,"""chicky-poo""",Play
Pompom,"data:image/gif;base64,R0lGODlhAQABAIABAAAAAP///yH5BAEAAAEALAAAAAABAAEAQAICTAEAOw%3D%3D",♀ Peppy,Duck,February 11th,"""rah rah""",Music
Poncho,"data:image/gif;base64,R0lGODlhAQABAIABAAAAAP///yH5BAEAAAEALAAAAAABAAEAQAICTAEAOw%3D%3D",♂ Jock,Cub,January 2nd,"""li'l bear""",Fitness
Poppy,"data:image/gif;base64,R0lGODlhAQABAIABAAAAAP///yH5BAEAAAEALAAAAAABAAEAQAICTAEAOw%3D%3D",♀ Normal,Squirrel,August 5th,"""nutty""",Education
Portia,"data:image/gif;base64,R0lGODlhAQABAIABAAAAAP///yH5BAEAAAEALAAAAAABAAEAQAICTAEAOw%3D%3D",♀ Snooty,Dog,October 25th,"""ruffian""",Fashion
Prince,"data:image/gif;base64,R0lGODlhAQABAIABAAAAAP///yH5BAEAAAEALAAAAAABAAEAQAICTAEAOw%3D%3D",♂ Lazy,Frog,July 21st,"""burrup""",Play
Puck,"data:image/gif;base64,R0lGODlhAQABAIABAAAAAP///yH5BAEAAAEALAAAAAABAAEAQAICTAEAOw%3D%3D",♂ Lazy,Penguin,February 21st,"""brrrrrrrrr""",Fitness
Puddles,"data:image/gif;base64,R0lGODlhAQABAIABAAAAAP///yH5BAEAAAEALAAAAAABAAEAQAICTAEAOw%3D%3D",♀ Peppy,Frog,January 13th,"""splish""",Fashion
Pudge,"data:image/gif;base64,R0lGODlhAQABAIABAAAAAP///yH5BAEAAAEALAAAAAABAAEAQAICTAEAOw%3D%3D",♂ Lazy,Cub,June 11th,"""golly""",Play
Punchy,"data:image/gif;base64,R0lGODlhAQABAIABAAAAAP///yH5BAEAAAEALAAAAAABAAEAQAICTAEAOw%3D%3D",♂ Lazy,Cat,April 11th,"""mrmpht""",Play
Purrl,"data:image/gif;base64,R0lGODlhAQABAIABAAAAAP///yH5BAEAAAEALAAAAAABAAEAQAICTAEAOw%3D%3D",♀ Snooty,Cat,May 29th,"""kitten""",Fashion
Queenie,"data:image/gif;base64,R0lGODlhAQABAIABAAAAAP///yH5BAEAAAEALAAAAAABAAEAQAICTAEAOw%3D%3D",♀ Snooty,Ostrich,November 13th,"""chicken""",Fashion
Quillson,"data:image/gif;base64,R0lGODlhAQABAIABAAAAAP///yH5BAEAAAEALAAAAAABAAEAQAICTAEAOw%3D%3D",♂ Smug,Duck,December 22nd,"""ridukulous""",Music
Quinn,"data:image/gif;base64,R0lGODlhAQABAIABAAAAAP///yH5BAEAAAEALAAAAAABAAEAQAICTAEAOw%3D%3D",♀ Sisterly,Eagle,January 20th,"""proper""",Education
Raddle,"data:image/gif;base64,R0lGODlhAQABAIABAAAAAP///yH5BAEAAAEALAAAAAABAAEAQAICTAEAOw%3D%3D",♂ Lazy,Frog,June 6th,"""aaach—""",Nature
Rasher,"data:image/gif;base64,R0lGODlhAQABAIABAAAAAP///yH5BAEAAAEALAAAAAABAAEAQAICTAEAOw%3D%3D",♂ Cranky,Pig,April 7th,"""swine""",Music
Raymond,"data:image/gif;base64,R0lGODlhAQABAIABAAAAAP///yH5BAEAAAEALAAAAAABAAEAQAICTAEAOw%3D%3D",♂ Smug,Cat,October 1st,"""crisp""",Nature
Renée,"data:image/gif;base64,R0lGODlhAQABAIABAAAAAP///yH5BAEAAAEALAAAAAABAAEAQAICTAEAOw%3D%3D",♀ Sisterly,Rhino,May 28th,"""yo yo yo""",Music
Reneigh,"data:image/gif;base64,R0lGODlhAQABAIABAAAAAP///yH5BAEAAAEALAAAAAABAAEAQAICTAEAOw%3D%3D",♀ Sisterly,Horse,June 4th,"""ayup yup""",Play
Rex,"data:image/gif;base64,R0lGODlhAQABAIABAAAAAP///yH5BAEAAAEALAAAAAABAAEAQAICTAEAOw%3D%3D",♂ Lazy,Lion,July 24th,"""cool cat""",Nature
Rhonda,"data:image/gif;base64,R0lGODlhAQABAIABAAAAAP///yH5BAEAAAEALAAAAAABAAEAQAICTAEAOw%3D%3D",♀ Normal,Rhino,January 24th,"""bigfoot""",Music
Ribbot,"data:image/gif;base64,R0lGODlhAQABAIABAAAAAP///yH5BAEAAAEALAAAAAABAAEAQAICTAEAOw%3D%3D",♂ Jock,Frog,February 13th,"""zzrrbbitt""",Fitness
Ricky,"data:image/gif;base64,R0lGODlhAQABAIABAAAAAP///yH5BAEAAAEALAAAAAABAAEAQAICTAEAOw%3D%3D",♂ Cranky,Squirrel,September 14th,"""nutcase""",Education
Rilla,"data:image/gif;base64,R0lGODlhAQABAIABAAAAAP///yH5BAEAAAEALAAAAAABAAEAQAICTAEAOw%3D%3D",♀ Peppy,Gorilla,November 1st,"""hello""",Nature
Rio,"data:image/gif;base64,R0lGODlhAQABAIABAAAAAP///yH5BAEAAAEALAAAAAABAAEAQAICTAEAOw%3D%3D",♀ Peppy,Ostrich,September 10th,"""li’l chick""",Music
Rizzo,"data:image/gif;base64,R0lGODlhAQABAIABAAAAAP///yH5BAEAAAEALAAAAAABAAEAQAICTAEAOw%3D%3D",♂ Cranky,Mouse,January 17th,"""squee""",Education
Roald,"data:image/gif;base64,R0lGODlhAQABAIABAAAAAP///yH5BAEAAAEALAAAAAABAAEAQAICTAEAOw%3D%3D",♂ Jock,Penguin,January 5th,"""b-b-buddy""",Fitness
Robin,"data:image/gif;base64,R0lGODlhAQABAIABAAAAAP///yH5BAEAAAEALAAAAAABAAEAQAICTAEAOw%3D%3D",♀ Snooty,Bird,December 4th,"""la-di-da""",Fashion
Rocco,"data:image/gif;base64,R0lGODlhAQABAIABAAAAAP///yH5BAEAAAEALAAAAAABAAEAQAICTAEAOw%3D%3D",♂ Cranky,Hippo,August 18th,"""hippie""",Education
Rocket,"data:image/gif;base64,R0lGODlhAQABAIABAAAAAP///yH5BAEAAAEALAAAAAABAAEAQAICTAEAOw%3D%3D",♀ Sisterly,Gorilla,April 14th,"""vroom""",Fitness
Rod,"data:image/gif;base64,R0lGODlhAQABAIABAAAAAP///yH5BAEAAAEALAAAAAABAAEAQAICTAEAOw%3D%3D",♂ Jock,Mouse,August 14th,"""ace""",Fitness
Rodeo,"data:image/gif;base64,R0lGODlhAQABAIABAAAAAP///yH5BAEAAAEALAAAAAABAAEAQAICTAEAOw%3D%3D",♂ Lazy,Bull,October 29th,"""chaps""",Fitness
Rodney,"data:image/gif;base64,R0lGODlhAQABAIABAAAAAP///yH5BAEAAAEALAAAAAABAAEAQAICTAEAOw%3D%3D",♂ Smug,Hamster,November 10th,"""le ham""",Music
Rolf,"data:image/gif;base64,R0lGODlhAQABAIABAAAAAP///yH5BAEAAAEALAAAAAABAAEAQAICTAEAOw%3D%3D",♂ Cranky,Tiger,August 22nd,"""grrrolf""",Fitness
Rooney,"data:image/gif;base64,R0lGODlhAQABAIABAAAAAP///yH5BAEAAAEALAAAAAABAAEAQAICTAEAOw%3D%3D",♂ Cranky,Kangaroo,December 1st,"""punches""",Fitness
Rory,"data:image/gif;base64,R0lGODlhAQABAIABAAAAAP///yH5BAEAAAEALAAAAAABAAEAQAICTAEAOw%3D%3D",♂ Jock,Lion,August 7th,"""capital""",Music
Roscoe,"data:image/gif;base64,R0lGODlhAQABAIABAAAAAP///yH5BAEAAAEALAAAAAABAAEAQAICTAEAOw%3D%3D",♂ Cranky,Horse,June 16th,"""nay""",Music
Rosie,"data:image/gif;base64,R0lGODlhAQABAIABAAAAAP///yH5BAEAAAEALAAAAAABAAEAQAICTAEAOw%3D%3D",♀ Peppy,Cat,February 27th,"""silly""",Music
Roswell,"data:image/gif;base64,R0lGODlhAQABAIABAAAAAP///yH5BAEAAAEALAAAAAABAAEAQAICTAEAOw%3D%3D",♂ Smug,Alligator,May 2nd,"""spaaace""",Nature
Rowan,"data:image/gif;base64,R0lGODlhAQABAIABAAAAAP///yH5BAEAAAEALAAAAAABAAEAQAICTAEAOw%3D%3D",♂ Jock,Tiger,August 26th,"""mango""",Fitness
Ruby,"data:image/gif;base64,R0lGODlhAQABAIABAAAAAP///yH5BAEAAAEALAAAAAABAAEAQAICTAEAOw%3D%3D",♀ Peppy,Rabbit,December 25th,"""li'l ears""",Nature
Rudy,"data:image/gif;base64,R0lGODlhAQABAIABAAAAAP///yH5BAEAAAEALAAAAAABAAEAQAICTAEAOw%3D%3D",♂ Jock,Cat,December 20th,"""mush""",Play
Sally,"data:image/gif;base64,R0lGODlhAQABAIABAAAAAP///yH5BAEAAAEALAAAAAABAAEAQAICTAEAOw%3D%3D",♀ Normal,Squirrel,June 19th,"""nutmeg""",Music
Samson,"data:image/gif;base64,R0lGODlhAQABAIABAAAAAP///yH5BAEAAAEALAAAAAABAAEAQAICTAEAOw%3D%3D",♂ Jock,Mouse,July 5th,"""pipsqueak""",Fitness
Sandy,"data:image/gif;base64,R0lGODlhAQABAIABAAAAAP///yH5BAEAAAEALAAAAAABAAEAQAICTAEAOw%3D%3D",♀ Normal,Ostrich,October 21st,"""speedy""",Nature
Sasha,"data:image/gif;base64,R0lGODlhAQABAIABAAAAAP///yH5BAEAAAEALAAAAAABAAEAQAICTAEAOw%3D%3D",♂ Lazy,Rabbit,May 19th,"""hoppity""",Fashion
Savannah,"data:image/gif;base64,R0lGODlhAQABAIABAAAAAP///yH5BAEAAAEALAAAAAABAAEAQAICTAEAOw%3D%3D",♀ Normal,Horse,January 25th,"""y'all""",Music
Scoot,"data:image/gif;base64,R0lGODlhAQABAIABAAAAAP///yH5BAEAAAEALAAAAAABAAEAQAICTAEAOw%3D%3D",♂ Jock,Duck,June 13th,"""zip zoom""",Fitness
Shari,"data:image/gif;base64,R0lGODlhAQABAIABAAAAAP///yH5BAEAAAEALAAAAAABAAEAQAICTAEAOw%3D%3D",♀ Sisterly,Monkey,April 10th,"""cheeky""",Music
Sheldon,"data:image/gif;base64,R0lGODlhAQABAIABAAAAAP///yH5BAEAAAEALAAAAAABAAEAQAICTAEAOw%3D%3D",♂ Jock,Squirrel,February 26th,"""cardio""",Play
Shep,"data:image/gif;base64,R0lGODlhAQABAIABAAAAAP///yH5BAEAAAEALAAAAAABAAEAQAICTAEAOw%3D%3D",♂ Smug,Dog,November 24th,"""baa baa baa""",Education
Sherb,"data:image/gif;base64,R0lGODlhAQABAIABAAAAAP///yH5BAEAAAEALAAAAAABAAEAQAICTAEAOw%3D%3D",♂ Lazy,Goat,January 18th,"""bawwww""",Nature
Shino,"data:image/gif;base64,R0lGODlhAQABAIABAAAAAP///yH5BAEAAAEALAAAAAABAAEAQAICTAEAOw%3D%3D",♀ Peppy,Deer,October 31st,"""okaaay""",Education
Simon,"data:image/gif;base64,R0lGODlhAQABAIABAAAAAP///yH5BAEAAAEALAAAAAABAAEAQAICTAEAOw%3D%3D",♂ Lazy,Monkey,January 19th,"""zzzook""",Play
Skye,"data:image/gif;base64,R0lGODlhAQABAIABAAAAAP///yH5BAEAAAEALAAAAAABAAEAQAICTAEAOw%3D%3D",♀ Normal,Wolf,March 24th,"""airmail""",Music
Sly,"data:image/gif;base64,R0lGODlhAQABAIABAAAAAP///yH5BAEAAAEALAAAAAABAAEAQAICTAEAOw%3D%3D",♂ Jock,Alligator,November 15th,"""hoo-rah""",Play
Snake,"data:image/gif;base64,R0lGODlhAQABAIABAAAAAP///yH5BAEAAAEALAAAAAABAAEAQAICTAEAOw%3D%3D",♂ Jock,Rabbit,November 3rd,"""bunyip""",Fitness
Snooty,"data:image/gif;base64,R0lGODlhAQABAIABAAAAAP///yH5BAEAAAEALAAAAAABAAEAQAICTAEAOw%3D%3D",♀ Snooty,Anteater,October 24th,"""sniffff""",Education
Soleil,"data:image/gif;base64,R0lGODlhAQABAIABAAAAAP///yH5BAEAAAEALAAAAAABAAEAQAICTAEAOw%3D%3D",♀ Snooty,Hamster,August 9th,"""tarnation""",Education
Sparro,"data:image/gif;base64,R0lGODlhAQABAIABAAAAAP///yH5BAEAAAEALAAAAAABAAEAQAICTAEAOw%3D%3D",♂ Jock,Bird,November 20th,"""like whoa""",Play
Spike,"data:image/gif;base64,R0lGODlhAQABAIABAAAAAP///yH5BAEAAAEALAAAAAABAAEAQAICTAEAOw%3D%3D",♂ Cranky,Rhino,June 17th,"""punk""",Nature
SporkNACracklePAL,"data:image/gif;base64,R0lGODlhAQABAIABAAAAAP///yH5BAEAAAEALAAAAAABAAEAQAICTAEAOw%3D%3D",♂ Lazy,Pig,September 3rd,"""snork""",Play
Sprinkle,"data:image/gif;base64,R0lGODlhAQABAIABAAAAAP///yH5BAEAAAEALAAAAAABAAEAQAICTAEAOw%3D%3D",♀ Peppy,Penguin,February 20th,"""frappe""",Play
Sprocket,"data:image/gif;base64,R0lGODlhAQABAIABAAAAAP///yH5BAEAAAEALAAAAAABAAEAQAICTAEAOw%3D%3D",♂ Jock,Ostrich,December 1st,"""zort""",Music
Static,"data:image/gif;base64,R0lGODlhAQABAIABAAAAAP///yH5BAEAAAEALAAAAAABAAEAQAICTAEAOw%3D%3D",♂ Cranky,Squirrel,July 9th,"""krzzt""",Music
Stella,"data:image/gif;base64,R0lGODlhAQABAIABAAAAAP///yH5BAEAAAEALAAAAAABAAEAQAICTAEAOw%3D%3D",♀ Normal,Sheep,April 9th,"""baa-dabing""",Nature
Sterling,"data:image/gif;base64,R0lGODlhAQABAIABAAAAAP///yH5BAEAAAEALAAAAAABAAEAQAICTAEAOw%3D%3D",♂ Jock,Eagle,December 11th,"""skraaaaw""",Fitness
Stinky,"data:image/gif;base64,R0lGODlhAQABAIABAAAAAP///yH5BAEAAAEALAAAAAABAAEAQAICTAEAOw%3D%3D",♂ Jock,Cat,August 17th,"""GAAHHH""",Fitness
Stitches,"data:image/gif;base64,R0lGODlhAQABAIABAAAAAP///yH5BAEAAAEALAAAAAABAAEAQAICTAEAOw%3D%3D",♂ Lazy,Cub,February 10th,"""stuffin'""",Play
Stu,"data:image/gif;base64,R0lGODlhAQABAIABAAAAAP///yH5BAEAAAEALAAAAAABAAEAQAICTAEAOw%3D%3D",♂ Lazy,Bull,April 20th,"""mrooooo""",Nature
Sydney,"data:image/gif;base64,R0lGODlhAQABAIABAAAAAP///yH5BAEAAAEALAAAAAABAAEAQAICTAEAOw%3D%3D",♀ Normal,Koala,June 21st,"""sunshine""",Music
Sylvana,"data:image/gif;base64,R0lGODlhAQABAIABAAAAAP///yH5BAEAAAEALAAAAAABAAEAQAICTAEAOw%3D%3D",♀ Normal,Squirrel,October 22nd,"""hubbub""",Nature
Sylvia,"data:image/gif;base64,R0lGODlhAQABAIABAAAAAP///yH5BAEAAAEALAAAAAABAAEAQAICTAEAOw%3D%3D",♀ Sisterly,Kangaroo,May 3rd,"""boing""",Music
Tabby,"data:image/gif;base64,R0lGODlhAQABAIABAAAAAP///yH5BAEAAAEALAAAAAABAAEAQAICTAEAOw%3D%3D",♀ Peppy,Cat,August 13th,"""me-WOW""",Music
Tad,"data:image/gif;base64,R0lGODlhAQABAIABAAAAAP///yH5BAEAAAEALAAAAAABAAEAQAICTAEAOw%3D%3D",♂ Jock,Frog,August 3rd,"""sluuuurp""",Play
Tammi,"data:image/gif;base64,R0lGODlhAQABAIABAAAAAP///yH5BAEAAAEALAAAAAABAAEAQAICTAEAOw%3D%3D",♀ Peppy,Monkey,April 2nd,"""chimpy""",Fashion
Tammy,"data:image/gif;base64,R0lGODlhAQABAIABAAAAAP///yH5BAEAAAEALAAAAAABAAEAQAICTAEAOw%3D%3D",♀ Sisterly,Cub,June 23rd,"""ya heard""",Play
Tangy,"data:image/gif;base64,R0lGODlhAQABAIABAAAAAP///yH5BAEAAAEALAAAAAABAAEAQAICTAEAOw%3D%3D",♀ Peppy,Cat,June 17th,"""reeeeOWR""",Music
Tank,"data:image/gif;base64,R0lGODlhAQABAIABAAAAAP///yH5BAEAAAEALAAAAAABAAEAQAICTAEAOw%3D%3D",♂ Jock,Rhino,May 6th,"""kerPOW""",Fitness
Tasha,"data:image/gif;base64,R0lGODlhAQABAIABAAAAAP///yH5BAEAAAEALAAAAAABAAEAQAICTAEAOw%3D%3D",♀ Snooty,Squirrel,November 30th,"""nice nice""",Fitness
T-Bone,"data:image/gif;base64,R0lGODlhAQABAIABAAAAAP///yH5BAEAAAEALAAAAAABAAEAQAICTAEAOw%3D%3D",♂ Cranky,Bull,May 20th,"""moocher""",Education
Teddy,"data:image/gif;base64,R0lGODlhAQABAIABAAAAAP///yH5BAEAAAEALAAAAAABAAEAQAICTAEAOw%3D%3D",♂ Jock,Bear,September 26th,"""grooof""",Fitness
Tex,"data:image/gif;base64,R0lGODlhAQABAIABAAAAAP///yH5BAEAAAEALAAAAAABAAEAQAICTAEAOw%3D%3D",♂ Smug,Penguin,October 6th,"""picante""",Music
Tia,"data:image/gif;base64,R0lGODlhAQABAIABAAAAAP///yH5BAEAAAEALAAAAAABAAEAQAICTAEAOw%3D%3D",♀ Normal,Elephant,November 18th,"""teacup""",Nature
Tiansheng,"data:image/gif;base64,R0lGODlhAQABAIABAAAAAP///yH5BAEAAAEALAAAAAABAAEAQAICTAEAOw%3D%3D",♂ Jock,Monkey,August 18th,"""wuwu""",Fitness
Tiffany,"data:image/gif;base64,R0lGODlhAQABAIABAAAAAP///yH5BAEAAAEALAAAAAABAAEAQAICTAEAOw%3D%3D",♀ Snooty,Rabbit,January 9th,"""bunbun""",Fashion
Timbra,"data:image/gif;base64,R0lGODlhAQABAIABAAAAAP///yH5BAEAAAEALAAAAAABAAEAQAICTAEAOw%3D%3D",♀ Snooty,Sheep,October 21st,"""pine nut""",Education
Tipper,"data:image/gif;base64,R0lGODlhAQABAIABAAAAAP///yH5BAEAAAEALAAAAAABAAEAQAICTAEAOw%3D%3D",♀ Snooty,Cow,August 25th,"""pushy""",Fashion
Toby,"data:image/gif;base64,R0lGODlhAQABAIABAAAAAP///yH5BAEAAAEALAAAAAABAAEAQAICTAEAOw%3D%3D",♂ Smug,Rabbit,July 10th,"""ribbit""",Music
Tom,"data:image/gif;base64,R0lGODlhAQABAIABAAAAAP///yH5BAEAAAEALAAAAAABAAEAQAICTAEAOw%3D%3D",♂ Cranky,Cat,December 10th,"""me-YOWZA""",Education
Truffles,"data:image/gif;base64,R0lGODlhAQABAIABAAAAAP///yH5BAEAAAEALAAAAAABAAEAQAICTAEAOw%3D%3D",♀ Peppy,Pig,July 28th,"""snoutie""",Fashion
Tucker,"data:image/gif;base64,R0lGODlhAQABAIABAAAAAP///yH5BAEAAAEALAAAAAABAAEAQAICTAEAOw%3D%3D",♂ Lazy,Elephant,September 7th,"""fuzzers""",Nature
Tutu,"data:image/gif;base64,R0lGODlhAQABAIABAAAAAP///yH5BAEAAAEALAAAAAABAAEAQAICTAEAOw%3D%3D",♀ Peppy,Bear,September 15th,"""twinkles""",Fashion
Twiggy,"data:image/gif;base64,R0lGODlhAQABAIABAAAAAP///yH5BAEAAAEALAAAAAABAAEAQAICTAEAOw%3D%3D",♀ Peppy,Bird,July 13th,"""cheepers""",Fashion
Tybalt,"data:image/gif;base64,R0lGODlhAQABAIABAAAAAP///yH5BAEAAAEALAAAAAABAAEAQAICTAEAOw%3D%3D",♂ Jock,Tiger,August 19th,"""grrrRAH""",Play
Ursala,"data:image/gif;base64,R0lGODlhAQABAIABAAAAAP///yH5BAEAAAEALAAAAAABAAEAQAICTAEAOw%3D%3D",♀ Sisterly,Bear,January 16th,"""grooomph""",Music
Velma,"data:image/gif;base64,R0lGODlhAQABAIABAAAAAP///yH5BAEAAAEALAAAAAABAAEAQAICTAEAOw%3D%3D",♀ Snooty,Goat,January 14th,"""blih""",Education
Vesta,"data:image/gif;base64,R0lGODlhAQABAIABAAAAAP///yH5BAEAAAEALAAAAAABAAEAQAICTAEAOw%3D%3D",♀ Normal,Sheep,April 16th,"""baaaffo""",Fashion
Vic,"data:image/gif;base64,R0lGODlhAQABAIABAAAAAP///yH5BAEAAAEALAAAAAABAAEAQAICTAEAOw%3D%3D",♂ Cranky,Bull,December 29th,"""cud""",Fitness
Victoria,"data:image/gif;base64,R0lGODlhAQABAIABAAAAAP///yH5BAEAAAEALAAAAAABAAEAQAICTAEAOw%3D%3D",♀ Peppy,Horse,July 11th,"""sugar cube""",Fitness
Violet,"data:image/gif;base64,R0lGODlhAQABAIABAAAAAP///yH5BAEAAAEALAAAAAABAAEAQAICTAEAOw%3D%3D",♀ Snooty,Gorilla,September 1st,"""sweetie""",Fitness
Vivian,"data:image/gif;base64,R0lGODlhAQABAIABAAAAAP///yH5BAEAAAEALAAAAAABAAEAQAICTAEAOw%3D%3D",♀ Snooty,Wolf,January 26th,"""piffle""",Education
Vladimir,"data:image/gif;base64,R0lGODlhAQABAIABAAAAAP///yH5BAEAAAEALAAAAAABAAEAQAICTAEAOw%3D%3D",♂ Cranky,Cub,August 2nd,"""nyet""",Play
Wade,"data:image/gif;base64,R0lGODlhAQABAIABAAAAAP///yH5BAEAAAEALAAAAAABAAEAQAICTAEAOw%3D%3D",♂ Lazy,Penguin,October 30th,"""so it goes""",Nature
Walker,"data:image/gif;base64,R0lGODlhAQABAIABAAAAAP///yH5BAEAAAEALAAAAAABAAEAQAICTAEAOw%3D%3D",♂ Lazy,Dog,June 10th,"""wuh""",Play
Walt,"data:image/gif;base64,R0lGODlhAQABAIABAAAAAP///yH5BAEAAAEALAAAAAABAAEAQAICTAEAOw%3D%3D",♂ Cranky,Kangaroo,April 24th,"""pockets""",Fitness
Wart Jr.,"data:image/gif;base64,R0lGODlhAQABAIABAAAAAP///yH5BAEAAAEALAAAAAABAAEAQAICTAEAOw%3D%3D",♂ Cranky,Frog,August 21st,"""grr-ribbit""",Education
Weber,"data:image/gif;base64,R0lGODlhAQABAIABAAAAAP///yH5BAEAAAEALAAAAAABAAEAQAICTAEAOw%3D%3D",♂ Lazy,Duck,June 30th,"""quaa""",Nature
Wendy,"data:image/gif;base64,R0lGODlhAQABAIABAAAAAP///yH5BAEAAAEALAAAAAABAAEAQAICTAEAOw%3D%3D",♀ Peppy,Sheep,August 15th,"""lambkins""",Fashion
Whitney,"data:image/gif;base64,R0lGODlhAQABAIABAAAAAP///yH5BAEAAAEALAAAAAABAAEAQAICTAEAOw%3D%3D",♀ Snooty,Wolf,September 17th,"""snappy""",Fashion
Willow,"data:image/gif;base64,R0lGODlhAQABAIABAAAAAP///yH5BAEAAAEALAAAAAABAAEAQAICTAEAOw%3D%3D",♀ Snooty,Sheep,November 26th,"""bo peep""",Fashion
Winnie,"data:image/gif;base64,R0lGODlhAQABAIABAAAAAP///yH5BAEAAAEALAAAAAABAAEAQAICTAEAOw%3D%3D",♀ Peppy,Horse,January 31st,"""hay-OK""",Fashion
Wolfgang,"data:image/gif;base64,R0lGODlhAQABAIABAAAAAP///yH5BAEAAAEALAAAAAABAAEAQAICTAEAOw%3D%3D",♂ Cranky,Wolf,November 25th,"""snarrrl""",Education
Yuka,"data:image/gif;base64,R0lGODlhAQABAIABAAAAAP///yH5BAEAAAEALAAAAAABAAEAQAICTAEAOw%3D%3D",♀ Snooty,Koala,July 20th,"""tsk tsk""",Fashion
Zell,"data:image/gif;base64,R0lGODlhAQABAIABAAAAAP///yH5BAEAAAEALAAAAAABAAEAQAICTAEAOw%3D%3D",♂ Smug,Deer,June 7th,"""pronk""",Music
Zoe,"data:image/gif;base64,R0lGODlhAQABAIABAAAAAP///yH5BAEAAAEALAAAAAABAAEAQAICTAEAOw%3D%3D",♀ Normal,Anteater,February 10th,"""zoozooroo""",Education
Zucker,"data:image/gif;base64,R0lGODlhAQABAIABAAAAAP///yH5BAEAAAEALAAAAAABAAEAQAICTAEAOw%3D%3D",♂ Lazy,Octopus,March 8th,"""bloop""",Nature
